Streamer,SuperfanCount
noway4u_sir,120
moonmoon_ow,71
pow3rtv,61
chocotaco,49
admiralbulldog,44
mobilmobil,41
cohhcarnage,40
gotaga,39
pajalockk,38
armatvhs,36
ninja,35
dakotaz,31
officialandypyro,31
solary,30
xqcow,28
godjj,27
tsm_hamlinz,27
eamaddennfl,26
yogscast,26
luke4316live,25
mithrain,24
tfblade,23
elwind,23
agraelus,21
fps_shaka,20
nl_kripp,20
handongsuk,19
vinesauce,17
solaryfortnite,17
asmodaitv,17
manyrin,15
lord_kebun,15
gratis150ml,14
shroud,13
esl_csgo,13
wearethevr,13
chigre,13
underground_dv,12
lebouseuh,12
loeya,12
masondota2,12
redroyalestream,11
giannielee,11
paoloidolo,11
trymacs,11
van_hinten88,11
tranth,11
mathil1,11
ybicanoooobov,11
rubini,11
elmiillor,10
marty_vole,10
kriszhadvice,10
mrfreshasian,10
alenenwooptv,10
fifatargrean,10
yuhwanp,9
lestream,9
dansgaming,9
evelone192,8
drlupo,8
broeki1,8
timthetatman,8
kinggeorgetv,8
videoyun,8
homyatol,8
spajkk,8
diegosaurs,7
cemka7721,7
lirik,7
voodoosh,7
aurateur,7
destiny,7
matteohs,7
ngc_the_twitch,7
fl0m,7
marcoopz,7
resttpowered,7
gantver1,7
theoriginalmarkz,7
alanzoka,7
ipav999,6
melharucos,6
imbadon123,6
ajehr,6
sparktv_mtg,6
goeasytwitch,6
polt,6
superjj102,6
hanryang1125,6
thebubbaarmy,6
modestal,6
hasanabi,6
rfbuozzi,6
kamet0,6
zapahzamazki,6
kanetv8,5
rocketbeanstv,5
nickchipperhs,5
rubsarb,5
forsen,5
taezzang,5
gorgc,5
trick2g,5
febbydoto,5
gn_gg,5
kutcherlol,5
risenhaha,5
bobbypoffgaming,5
jimrsng,5
rakin,5
angrypug,5
sardoche,5
summit1g,5
brianlimond,5
barbarousking,5
azarnn,5
bratishkinoff,5
symfuhny,5
sypherpk,5
fpsthailand,5
bonkol,5
ogaminglol,5
darksydephil,5
davidaus,5
bronzafamily,4
moraishd,4
nixjke,4
ewroon,4
mandiocaa1,4
xewer,4
sovietwomble,4
jac0b0,4
stray228,4
mazarin1k,4
dafran,4
delilash,4
lolathon,4
loui5ng,4
elded,4
keeyuh,4
obm1025,4
back2warcraft,4
esportmaniacos,4
yesitshappy,4
solaryhs,4
spt083,4
blackelespanolito,4
thijs,4
joshog,4
kinggothalion,4
esl_brazil,4
collet11,4
itermosifoni,4
beyondthesummit_pt,4
davidlabowsky,4
elichtv,4
zrush,4
2sekundovymato,4
zerator,4
b0aty,4
slrabbit99,4
hachubby,4
rombik,4
ruben,3
dennsen86,3
jonbams,3
chap,3
b4nny,3
xlightmoonx,3
d3stri,3
vkingplays,3
highstyled,3
sal_gu,3
2chamcham2,3
onkelbarlow,3
soulkrlol,3
staleba,3
nicewigg,3
badeschlappenlp,3
dmbrandon,3
redgiebeardo,3
dubassssssss,3
monagua,3
zugorow,3
pacheco5,3
ifresh_hd,3
gryngoss,3
yeonhyang13,3
ifrostbolt,3
draskyl,3
arquel,3
rushintenso,3
mahrama,3
tonton,3
kurikan,3
waze_ttv,3
xbt306x,3
sapeuh,3
moistcr1tikal,3
skipnho,3
quqnus,3
alfie,3
call_me_piotr,3
thedragonfeeney,3
winghaven,3
theryu7z,3
harrygbestmc,3
general_hs_,3
tfue,3
heyartv,3
nightblue3,3
masteerxd,3
herdyn,3
rammus53,3
noctisak47,3
fut_street,3
dianadunaeva,3
midbeast,3
cdewx,3
therealmarzaa,3
rdo1337,3
wolfangkillers,3
ogamingsc2,3
arcus,3
pun1shers_tv,3
portialyn,3
fragolaqt,3
liquidhasuobs,3
f1rstlady33,3
danucd,3
loadingreadyrun,3
terenas,3
themanwiththeredbeard,3
northernlion,3
maximilian_dood,3
scarra,3
yassuo,3
doyserlive,3
igromania,3
saddummy,3
canko,3
nezak_,3
p0me,3
koil,3
captaincontent_,2
solorenektononly,2
dkane,2
lowkotv,2
mortis_,2
estiny_tv,2
agravein,2
accropolis,2
gammalunatic,2
qrushcsgo,2
ko1ay,2
kycu,2
themattayahu,2
wantedow,2
silikonovayazina,2
vdr1984,2
opat04,2
y0ttabyte,2
sonycast_,2
zoltan,2
anarqui4,2
taketv,2
impactwrestling,2
silvername,2
aladdintv,2
pyrionflax,2
junyoopy,2
gug4ofps,2
adztv,2
rio_taro,2
heikki360es,2
malditosnerds,2
aktep,2
turgutuc,2
profumatotk,2
academiaapostasbrasil,2
drunge59,2
funzinnu,2
chonana1,2
drainerx,2
mrchuck12,2
notanteupsweaty,2
jogaizitv,2
mrderiv,2
xduracel,2
jasper7se,2
leojokura,2
mvpberserker,2
mr_elidarius,2
xflixx,2
gibba_86_,2
waverellab,2
quin69,2
jamiedrakehd,2
imhaso2,2
ffaka,2
interactionnn,2
truvoodoo,2
tabasa_,2
snowsos,2
follentass,2
mizkif,2
adcshiiro,2
casinodaddy,2
allkeyshop_tv,2
wasuezqelusia,2
mirage720,2
sonecarox,2
teasy,2
k13tv,2
electrokidi,2
estilo012,2
pureboy0,2
klaudinha,2
jamjarboy,2
warhammer,2
fuzzface49,2
koyuki7520,2
vader,2
flambass,2
nerdhub,2
ericlostie,2
malganyr,2
ayezee,2
zeusads,2
yapyap30,2
flowervin,2
lyndonfps,2
cbrace,2
agac3000zero,2
bourrinator,2
capobastoneofficial,2
wtcn,2
saintvicious,2
cansungur,2
wackyjacky101,2
eskobartv,2
yoshi93,2
membtv,2
elojoninja,2
jay3,2
zzamtiger0310,2
quattroace,2
logart,2
muhscle67,2
dkwl025,2
gogcom,2
jointime,2
alinarinrin,2
disimon,2
dielicogtx,2
chlenochkaa,2
stephenfra,2
romanovitch1984,2
naseongkim,2
amarcodtv,2
realkraftyy,2
suknives,2
waifudeliveryservice,2
sneux,2
queltalealetv,2
laznikoff,2
hyperrpg,2
yuriasmr,2
zilioner,2
mega64podcast,2
dnd,2
tty35247,2
xakoh,2
johnfondatorefutitaliait,2
10000days,2
coconutb,2
avoidingthepuddle,2
pestily,2
littlebigwhale,2
shlorox,2
ticron,2
canaltotorial,2
ktvsky,2
shirox1980,2
lauter95,2
magenta62,2
notthatwillsmith,2
mmorpgrs,2
pankylol,2
xlethal_mercy,2
araiance,2
esquadraomav,2
medved_ede,2
valhallagt,2
roflgator,2
kyo1984123,2
yunicorn19,2
m4dshaw,2
unsanitylive,2
i1ame_ru,2
lnz3,2
firebart,2
saselandiadirectos,2
t_poh,2
archangel_hs,2
ok_ja,2
krlann,2
stylishnoob4,2
izakooo,2
bastighg,2
akasurvive,2
beyazsakalonuron,2
twistervb,1
champion__lel,1
boyminoru,1
hime,1
momocontv2,1
jimenglish,1
excalyt,1
avassaladora,1
skillspecs,1
airupthere1,1
alexelcapo,1
mekroy,1
nickmercs,1
tottecsgo,1
warzaak666,1
zerostreaming,1
grpzdc,1
wrkirayamatoow,1
dannyacetv,1
bakacrew,1
hiko_885,1
wasabi,1
woodenpotatoes,1
viperdemon,1
unrecommendable__,1
alicetvz,1
jyskgaming,1
evangelion0,1
vause,1
eswoogi,1
tanovich,1
ledwinng,1
kavalierpirat,1
welovegames,1
marsamua,1
zero,1
startwilliam,1
darch0431,1
mordredviking,1
axamin,1
tommyesports,1
mc_lando,1
patterrz,1
kjallelel,1
painlivestream,1
ghostfreak66,1
gnaesesvl,1
jeerayah,1
robert_ulrich_aoe,1
tombrass,1
kanjugen,1
pyramidalist,1
scubadoobie,1
blinky_plz,1
blusewilly_retry,1
amyclaire97,1
crazytrucks_,1
koprich,1
albralelie,1
avid_is_odd,1
ggsantome,1
imtc,1
perrick,1
fireabend_tv,1
chinglishtv,1
lordbushwook,1
junpeifrance,1
ireenx,1
pepo3393live,1
yawgmoth87,1
lassiz,1
akxmoey,1
iipog,1
nookyyy,1
bksal,1
t_rise,1
hiroshisora,1
yeunda,1
jinu6734,1
moongaming,1
acemodai,1
dickersauerlaender,1
uberhaxornova,1
bl3ssur,1
ashd0wn,1
caith_sith,1
gooffkings,1
starladder5,1
notproshyper,1
staeffie,1
iamthanh,1
deriumspokemon,1
mrlafierik,1
grount,1
massnarx,1
uthenera,1
brnmonstraoo,1
benwolfers,1
coestar,1
julienalantenne,1
suppamah,1
bigcruz420,1
remember_25,1
recrent,1
lisamanley15,1
pwnstarzdotcom,1
notscarss,1
kusagosu,1
millerthebets1,1
stasifernandolaz,1
kelseyy,1
thetji,1
ryokoundercover,1
washout,1
team_brooks1213,1
puniogaming,1
miredia,1
vacemercy,1
s2kimroa,1
nattank,1
infadethh1,1
buffchief,1
tv_relake,1
appa_peacock,1
rubik2707,1
daltoosh,1
smacetron,1
daredevilkitty,1
leona_kiki,1
rallied,1
jeky1,1
cabravoladora,1
exytah,1
allad,1
mirandakerry,1
dasmehdi,1
p4wnyhof,1
draquinas,1
tomrido,1
asd22733217,1
circaskys,1
lagonisgames,1
phobyac,1
studiorenegade,1
karlchenvomdachontour,1
kaasiope,1
infamousac,1
ogdreamm,1
bingost4r,1
barufplay,1
dahmien7,1
mightyteapot,1
matimi0,1
imeonzerg,1
tbaron73,1
holygameindustry,1
miracle0o0,1
xvinna,1
wild_cherry95,1
maccoscu,1
109ace,1
marymaybe,1
edplaysjazz,1
by_owl,1
disnof,1
annemunition,1
jvtv,1
larssontv,1
jazyyyyy1215,1
rufert,1
thaina_,1
codemarco,1
r22928868,1
blazingfennec,1
metathr0n,1
dheylo,1
ppgbuzz49,1
noobeiegravei,1
tsili6969,1
bktwlol,1
fbe36,1
z4mmpa,1
tmsean,1
jebxgaming,1
obgkatiekat,1
prosto_zhizn_tv,1
awesomeepicguys,1
protonjon,1
rodzynek,1
trakinasofhollywood,1
knecaa,1
skowza21,1
tense1983,1
gskianto,1
capernicous,1
ruthytv,1
marks95,1
itsroca1,1
bileciksoul,1
ro_bit,1
ero_g,1
fordemratchets,1
philkool23,1
axellarsen1,1
baggins_tv,1
muts,1
paraforce,1
denly,1
digital_mousquetaires,1
sharmanhd,1
twitch_vadergeek,1
best_aim_good,1
tdgc_td,1
pkmio,1
zsozeatyaofficial,1
boneclinks,1
jojonaz,1
danydesu,1
amaraslgh,1
kinduciracing,1
p4ul1n_,1
bateson87,1
kevpott_,1
orange_e,1
fifahassliebehd,1
fifa_gamingtill,1
kimuhtv,1
retrolyfe,1
schustor,1
meyta,1
ddraming,1
pixi_fortnite,1
psychesiren,1
schiaccisempretv,1
ciklonica,1
noprankradio,1
jammi95,1
foty14,1
xposed,1
kstar,1
narudare_aran,1
zrool,1
lulocalinda,1
meepwetdota,1
floe,1
charlitoss,1
alaiseblaze,1
stackupdotorg,1
bkkvuazon,1
definitelynotoran,1
jaycapone23,1
localpolarbear,1
nicegametv,1
justees,1
smallchange421,1
rahmschnitzel,1
strahd,1
fanhots,1
vezypoo,1
khasino,1
nukesaku_,1
baedony,1
bonjwa,1
pikabooirl,1
xodalive,1
thesneakyslothh,1
figenbengi,1
brigadaloli,1
teamquesogg,1
randomdudex85,1
xblotter,1
emilycc,1
mpstreetoficial,1
benkro_tv,1
m989876525,1
freack1982,1
kiyasarin,1
irexxlifevari,1
deadlypantu,1
compargame,1
canaldotohr,1
kedoctv,1
clandtex,1
scouserwolf,1
tilda_67,1
domontovich,1
hammyisbetter,1
curiousj,1
bcn_fighters,1
sweetalivecake,1
yenta4ch,1
gevattertodx,1
waggle,1
zeon,1
theresat2017,1
theonemanny,1
drack0704,1
valtheval,1
niknandoreloaded,1
faunafrog,1
avori,1
profadin,1
solaaaa,1
kiwo,1
censor,1
mikyas59,1
mustakbulut,1
jukun,1
magurkk,1
bjm0324,1
islandgrown11,1
calikristenxo,1
splint3r,1
roadhouse,1
ianreformed,1
skilmonstrao,1
bstewww,1
buury7,1
nightraid90,1
hootiejack,1
ocarinahero93,1
sniper_nolove,1
gobgg,1
watsquall123,1
heavyrainism,1
mapxmen,1
flashynthen1ght,1
piktorial,1
kev1ntv,1
ramboo_sr,1
caradechistegameplays,1
mada,1
uskki,1
spygea,1
chr1swave,1
lilqki,1
fitzx,1
i3lackj8ck,1
u_heal,1
captain_richard,1
hyelm,1
genzin,1
sirberlinstyle,1
bizzleberry,1
enghhhhhh,1
wizardvee,1
smitefrance_tv,1
fk_orca,1
skiddlerrs,1
gorra2174,1
kasinokeisarin,1
spammiej,1
seriousgaming,1
distortiondevil,1
slickstevie,1
rainblue37,1
ourchickenlife,1
talyrja,1
parasite,1
rrrrat,1
hertonsue,1
mopioid,1
lifttheveil411,1
sackzitv,1
icyt0xic,1
thestrange,1
myztrotj,1
the8bitdrummer,1
braveyy,1
smalli_lol,1
lokenplays,1
zero_pe,1
skloppa,1
richiking,1
lmyourfather,1
xkwhd,1
classboso,1
dekarldent,1
bulmyeol_tv,1
hankadat,1
gunguno,1
smokaloke,1
dioxis,1
shuteye_orange,1
thekrautx,1
justknight,1
enragedunderdog,1
shivfps,1
tarmacbe,1
colleesi,1
soothingbowl,1
alfa,1
rnlghs128,1
donsqueeko,1
nadmyre,1
rub1ckgod,1
bierbankb,1
fionariches,1
sjow,1
letalbrothers,1
thefranchiselive,1
zwag,1
mksnake7,1
shanrrrv2,1
hofkari,1
harpssss,1
brakal,1
chenchen1771,1
idvsty,1
rexilaa,1
sluckz,1
vanessa6101,1
noogzi,1
draanek_tv,1
overwatchblue,1
singsing,1
sg_squall,1
fafylara,1
shanitica,1
fodamighty,1
lythero,1
nuffgm,1
yuuie,1
jeffrey_te,1
realityrecaps,1
wersanem,1
saararoth,1
lamegaforgelive,1
taourrr1030,1
sabin1,1
lie228_,1
mastertay,1
zenforso,1
stansfield,1
minisculedreams,1
tusranga,1
mrbboy45,1
wpmezony,1
vannelk,1
sarahxmariaxx,1
quitoooo,1
jotan8,1
controllerbyte,1
weskerjpn,1
medusanix93,1
medusa671,1
illusion_og,1
adept_xero,1
otmashiro,1
olpidia_,1
sennonacon,1
a_seagull,1
naj0h,1
jendenise,1
colorfulcat,1
retku,1
warwitchtv,1
chapotraphouse,1
baptistao,1
putodonald,1
smashleysvendbye,1
glawks,1
thaldrinlol,1
px1sports,1
wwww92,1
lol_ambition,1
distortion2,1
meikod_,1
allfunngamez,1
qtpop,1
profeandresx,1
ukyochi_jp,1
hyp_nox,1
deadlyslob,1
sr_thulium,1
cr_rizart,1
saddota2tv,1
nachtschicht,1
szopa666,1
salsatheone,1
rinrainer,1
jasonr,1
gohamedia,1
knueppelpaste,1
aki0529,1
titavion,1
staiy,1
trakika,1
aqwouell,1
yamatonjp,1
vampresss,1
iamnormac,1
blyyyplays,1
incon,1
sologesang,1
dogswellfish,1
apowerproductions,1
myong,1
flight23white,1
artayrtv,1
kioss3000,1
ninjabreadtv,1
topopablo11hs,1
chapo,1
fazybns,1
low4n,1
heezoka,1
codcode904,1
toransushojo,1
valle,1
ksh4524,1
alexiaraye,1
asasek1,1
towelliee,1
pedrogas,1
orangemorange,1
balormage,1
flair,1
mirelitp,1
schlonsti,1
brazybrady95,1
dedbaldesh,1
followgrubby,1
kenjii89340,1
martiitwitch,1
jitzpanda,1
major_sw,1
bandicotpxg,1
phizx,1
mlcak,1
kislik,1
rene5217,1
slaiba,1
kardinalzyn,1
umehara_otouto,1
iirecordroblox,1
hqrmless_ttv,1
wahrhr_tw,1
hungry,1
ace_the_supervillain,1
k34_simracing,1
jmoe161,1
jxberg,1
missclick_tv,1
radioctivegamer,1
enerqiaofficiai,1
juyoung1114,1
pajtertv,1
syuenai1223,1
daigothebeastv,1
justgogirls,1
masterellios,1
treblemds,1
animatorar,1
laurcus,1
derchrispyy,1
delta1nw,1
anaamaria,1
dolladre,1
burkeblack,1
himechar,1
xladyx,1
constablesson,1
archonthewizard,1
iverith,1
sweet_glace92,1
lookingformates,1
mccitronlp,1
ggmiker,1
famouslp91,1
spofie,1
stellonetm,1
drainys,1
zfirestormz,1
leortv,1
romanbabayan,1
castro_1021,1
gladiadorsos,1
izzyplayyz,1
odablock,1
kroatomist,1
queeenjay,1
xd1x,1
randombrucetv,1
justbobth,1
golcar7,1
hitgg,1
gameattackteam,1
llewbob92,1
tacosdearepa,1
cheed,1
richard_hammer,1
raintastical,1
markilokurasy,1
dobreck,1
yugwha0901,1
pawloosstv1,1
ekuegan,1
egoist555,1
sirrignar,1
twoangrygamerstv,1
esoessss,1
alpha_vision,1
xigneon,1
be_reborn,1
sodakite,1
lost_pause_,1
seismalive,1
shernfire,1
rifftrax,1
problemsirl,1
t1riot,1
lafont,1
yzy1k,1
nubasian,1
drwhi7es,1
aske_official,1
mblaoc,1
khsjohnny,1
kiritot60,1
doejuly,1
hulla_szilva,1
tracksuit_cx,1
einradameise,1
slop3,1
letssuffertogether,1
matthewkheafy,1
painmocker,1
k1lling_god,1
zongoled0z0,1
smokindank5280,1
aydan,1
mark_win,1
drlee_kor,1
vividbrady,1
world_of_warships_fr,1
hon_boya,1
gochaosgamer,1
direboar,1
klean,1
danpentz,1
buddha,1
killerstephen,1
imaqtpie,1
velion83,1
rhdgurwns,1
alanexxhd,1
galanandroses,1
catziilla,1
dou3796,1
thesassysquirrel,1
cerbero_podcast,1
cinnamontoastken,1
anieyo_,1
gosia89,1
romscout,1
boerejongenstv,1
porkerjeff,1
gutitubo,1
madien,1
shiphtur,1
ipersiian,1
zenpetro,1
kilowatt12,1
bumkyu8246,1
arryl_,1
daylights,1
austinmoylan,1
jaime999,1
yousayix,1
tempelritter1995,1
afonsodantas0707,1
montxaldre,1
wpckor,1
domado0129,1
scrubnoob,1
infinitegachi,1
tokshen,1
theohs_,1
justfansof,1
anotsukagehisa,1
marceeleek,1
birdofchess,1
voci,1
sklz_thelaw,1
brookeab,1
bers_tv,1
valkja,1
ibiza,1
madril,1
hi_im_chad,1
consulq,1
aguacatita,1
100poison,1
hcjustin,1
tru3ta1ent,1
cooldog0725,1
sirpumpkn,1
petitpoinghibikii,1
joispoi24,1
lofgeezy,1
tmemoryy,1
mdemarta,1
xlf_monkey,1
abrahamvic,1
vr_shana,1
sito7,1
mssh,1
jakenbakelive,1
esfandtv,1
mrhocku,1
jovirone,1
bahagamecrazy,1
a541021,1
familyxiv,1
firedragon,1
iiamlgnd11,1
fieryrage,1
daykotoviezy,1
lapetiteyoja,1
musclebrahtv,1
rogue_tofu,1
aprilyneee,1
grimmmz,1
mrsavage,1
rockalone,1
eragonist,1
zabi_zockt,1
nimious,1
joga7,1
sovitia,1
blasterjustpros,1
zanoxvii,1
several11,1
warren333,1
falgwang,1
xuxatv,1
e_saem,1
suminox,1
lodey,1
eldelabarrapan,1
sosidon,1
luisggg,1
bjhatachi,1
oroboro,1
delt4forc3,1
chernobylmelt,1
rasty_airsoft,1
schtroumpf_tv,1
hoppan8282,1
saullo,1
forev,1
jestanii,1
evasive_tv,1
duckmanzch,1
lookhawk,1
pvm_harry,1
jugipelaa,1
filmszoolive,1
plectrodancer,1
krazzersfn,1
zolik22,1
fizzypipp,1
z1xdxdxd,1
marcokitano,1
diyavolica,1
suga,1
ak1taxe,1
swag_dracula,1
relyksog,1
dmp_gains,1
honorius,1
vector,1
extreme4ik_play,1
miro_geng,1
kumi_san,1
diehahn,1
rodrigobugado,1
liljarvis,1
xvenexis,1
qkfhzhal,1
woowakgood,1
zatugod,1
emerickson,1
teejayhira,1
l2580,1
denwizard,1
overpow,1
misusingtv,1
stariy_bog,1
buiotetro,1
dreadztv,1
asakusasinoby,1
failverde,1
gius,1
junkman2525,1
mrgit,1
chistor_,1
silerlol,1
connorsparkyy,1
valentinabarra,1
cobbobles,1
krippler,1
hardgamechannel,1
tigry86,1
2gether_fr,1
lackattack24,1
orzanel,1
snsn__,1
gfuelenergy,1
kaliba__,1
mynh_,1
sp4zie,1
mastersnakou,1
cantaperme92,1
denissnidertv,1
canceldota,1
grumpycatmeme,1
frogman1,1
eechio,1
bunnygirl,1
ratedhugo,1
nilaus,1
ivhen_,1
julio69__,1
toppetv,1
sparkles_qt,1
aojiru2581,1
zhotan_hs,1
deadonron,1
scooten728,1
imba_shadow,1
biboplayer,1
qttsix,1
kingsobe,1
galadriex,1
jaboodyshow,1
tsm_viss,1
realmroyale_ps4_fr,1
rorito,1
sskytw,1
atl770er,1
inet_saju,1
lockandloadliv,1
alesymurr,1
carlosstory,1
rebirthztv,1
hamahama_san,1
sleazy_steve,1
ayakaschi,1
lolgeranimo,1
b_u_l_o_c_h_k_a,1
enoxiatv,1
easyallies,1
yazou94,1
neorevps,1
punkan_jonas,1
maverikz,1
iovenitti,1
inclydeggwp,1
kubon_,1
everyeyeit,1
myreshatv,1
staryuuki,1
selecaotv1,1
buhbai,1
atacanblacktooth,1
medja_,1
ycirillo,1
immarksman,1
tnc62,1
13ladetv,1
jerm_na,1
scoksc2,1
the_austo,1
asiagodtonegg3be0,1
pohx,1
rak_inc,1
mukkayo,1
shweet,1
cannibal_dota,1
coelho,1
enoz,1
bladecito,1
pwnage,1
hyper2374,1
remol92,1
im_lyrickz,1
nomakk,1
brucedropemoff,1
angelmelly,1
trainwreckstv,1
crestongames,1
lol4to22,1
trmpfi,1
zizaran,1
babymuffinnn,1
kangqui,1
plutodox,1
rdulive,1
niedaradek,1
aaitpoes,1
burak_brk,1
xfallxbrucelee,1
conducteir77,1
seals311,1
rakanoolive,1
mako_fun,1
hejin0_0,1
mightyrengar,1
huese,1
c4vi4r,1
latino19,1
dismantlewiener,1
popoloo,1
en4_milkyog,1
kiyulking,1
randomrambo,1
goryuya,1
nicke22gamer,1
x2twins,1
letw1k3,1
easterdamnz,1
klorel92,1
cerikmeister,1
tiggra,1
ecvible,1
elementlolz,1
damil,1
wowitv,1
pocip,1
moka_play,1
bilucaa,1
im_ssoju,1
mikuohashi,1
livedino,1
niicomarvel,1
jinteawol,1
illoquedise,1
obafemimoebus,1
rich0608,1
ppomodoli,1
puman1k,1
haltv,1
elfhorys,1
tannar,1
aypierre,1
ellohime,1
bostonchrisgaming,1
larsfest,1
peshkach,1
averse,1
jastkitty,1
eposlol,1
onurozgunay,1
violentdestruction,1
poisonaqple,1
etoleto,1
kiaraakitty,1
tpabomah,1
snickerd0odle,1
bauchyc,1
replays,1
ddmankiller,1
trilluxe,1
salvoxplod,1
jinnytty,1
dda_ju,1
peixetro,1
princessinflames,1
nanaoji,1
0hanibal0,1
nothingnoname,1
strandom,1
poncefesse,1
club_beats,1
chillixxtv,1
cassouw06,1
takiigg_,1
nagisake,1
backyardistv,1
benfruit,1
emmelymf,1
mlora,1
xentisan,1
eloshav,1
onsense,1
jschlatt,1
elgamerwicho,1
uzra,1
yaltank,1
yuiey,1
speedgaming,1
chactories,1
shenryyr,1
norby,1
roundedtiktak,1
lebeanjd,1
archietv,1
rudbeckia7,1
nesmon,1
pixiex,1
sexybamboe,1
jango_bichouu,1
vibelol,1
chasen_dreamz,1
mews,1
kelraleuse,1
me_zora,1
xayahrising,1
danistars4,1
mad_mikevts,1
deiak,1
aldo92,1
donapalmira,1
pago3,1
vtstreaming,1
vespertus,1
rbhr,1
miyugodvelk,1
radiantsoul_tv,1
chipmonkzslots,1
apokalyptotletshe,1
sunglitters,1
nexxossgaming,1
apvideo,1
pestinh4_,1
theenclase,1
nick28t,1
yaboytwiz,1
au_thathurt,1
mickalow,1
beyou0728,1
shekri,1
recuerd0p,1
bowie_ow,1
takish,1
doktorfroid,1
luneze,1
tematown,1
urqueeen,1
streamiiitv,1
gerbrowny,1
pizituh,1
zerafinmarlone,1
iamdiamond,1
s3ga95,1
jok4tv,1
timkalation,1
boarcontrolhs,1
welivettv,1
majin_omytv,1
funmiss,1
darkpch,1
fyd_comics_y_cine,1
kuuwang,1
flakes,1
cdthemasterofarmor123,1
tdgypurple,1
derxxvadder,1
willokhlass,1
gomgomgom3,1
surrealscotsman,1
mikkirp,1
s1032204,1
tekaetran,1
dustyberk,1
fraysuh,1
bb0yler,1
slackaholicus,1
twitchriko,1
nugahhh,1
franktheofficial,1
akihomma,1
luki,1
thesportshub,1
tmedia_,1
joguecomoumogro,1
thechon,1
stonesjones,1
mattigar,1
mystery_m7,1
idyiom,1
biggieferreira,1
im_good,1
karasmai,1
hutch,1
hari_live,1
zmalipsn,1
